{
  "timestamp": "2025-12-31T03:22:13.101439",
  "stats": {
    "population": -18,
    "food_stored": 482.3999999999991
  }
}