{
  "timestamp": "2025-12-23T03:32:46.839975",
  "generation": 0,
  "gene_pool": [],
  "stats": {
    "best_fitness": 205.38958474745422,
    "average_fitness": 23.87195282048144,
    "population": 19,
    "food_stored": 0
  }
}